INSERT INTO users (id, name, age) VALUES (1, 'Harry Potter', 26), (2, 'Hermione Granger', 26),
(3, 'Ron Weasley', 27), (4, 'Ginny Weasley', 25), (5, 'Frodo Baggins', 57), (6, 'Bilbo Baggins', 124), 
(7, 'Aragorn', 95), (8, 'Samwise Gamgee', 52), (9, 'Meriadoc Brandybuck', 48), (10, 'Peregrin Took', 44), 
(11, 'Gandalf', 7000), (12, 'Elrond', 7500), (13, 'Arwen', 5500), (14, 'Galadriel', 14000), 
(15, 'Albus Dumbledore', 115), (16, 'Voldemort', 65), (17, 'Dobby', 14), (18, 'Luna Lovegood', 25), 
(19, 'Neville Longbottom', 26), (20, 'Minerva McGonagall', 80);

INSERT INTO projects (id, title, category, funding_goal, start_date, end_date) VALUES
(1, 'Democracy', 'politics', '10000', '06-24-2020', '11-03-2020'),
(2, 'Self Titled Cookbook', 'food', '7500', '07-24-1997', '07-25-2007'),
(3, 'End Country Music', 'music', '25', '10-14-1960', '02-17-2025'),
(4, 'Remake Ocanrina of Time', 'video games', '2500', '08-25-1993', '12-01-2019'),
(5, 'END CHOP SALADS', 'food', '75', '04-04-2014', '05-05-2015'),
(6, 'Politics Picture Book', 'books', '2500', '11-04-2016', '11-05-2016'),
(7, 'The More In Depth Picture Book', 'books', '2501', '11-06-2016', '11-07-2016'),
(8, 'Silmarillion', 'tv show', '9500', '02-21-1938', '12-25-2020'),
(9, 'Great British Baking Show', 'tv show', '2450', '06-25-06-2020', '07-25-2020'),
(10, 'Clean Water', 'charity', '1000', '01-01-1964', '04-28-1993');

INSERT INTO pledges (id, amount, user_id, project_id) VALUES
(1, 75, 1, 2),
(2, 25, 2, 1),
(3, 35, 2, 3),
(4, 8, 2, 9),
(5, 19, 2, 10),
(6, 27, 3, 1),
(7, 42, 4, 4),
(8, 120, 5, 8),
(9, 9, 6, 9),
(10, 55, 7, 7),
(11, 60, 8, 3),
(12, 135, 9, 5),
(13, 980, 10, 6),
(14, 150, 11, 1),
(15, 70, 11, 9),
(16, 22, 12, 10),
(17, 33, 13, 7),
(18, 44, 14, 6),
(19, 55, 15, 4),
(20, 66, 17, 2),
(21, 777, 17, 1),
(22, 128, 17, 1),
(23, 64, 18, 8),
(24, 32, 18, 8),
(25, 16, 19, 7),
(26, 2, 16, 3),
(27, 500, 20, 5),
(28, 230, 5, 10),
(29, 40, 6, 3),
(30, 40, 7, 1);